City_ID,City,Country,Date,Lat,Lng,Max Temp,Humidity,Cloudiness,Wind Speed
0,Hermanus,ZA,2020-09-04 18:36:38,-34.42,19.23,57.0,80,1,13.42
1,Saint-Augustin,CA,2020-09-04 18:36:38,51.23,-58.65,63.52,93,100,19.8
2,Pevek,RU,2020-09-04 18:36:38,69.7,170.31,34.75,88,86,4.61
3,Wonthaggi,AU,2020-09-04 18:36:38,-38.6,145.59,52.0,87,10,15.64
4,Provideniya,RU,2020-09-04 18:36:39,64.38,-173.3,41.05,69,10,3.22
5,Nome,US,2020-09-04 18:36:29,64.5,-165.41,43.0,87,90,4.7
6,Busselton,AU,2020-09-04 18:36:39,-33.65,115.33,57.99,87,93,11.72
7,Nicoya,CR,2020-09-04 18:36:39,10.15,-85.45,87.8,66,75,6.93
8,Mkokotoni,TZ,2020-09-04 18:36:39,-5.88,39.25,77.0,83,20,12.75
9,East London,ZA,2020-09-04 18:36:40,-33.02,27.91,66.2,82,0,11.41
10,Rikitea,PF,2020-09-04 18:36:40,-23.12,-134.97,72.25,82,17,14.16
11,Port Alfred,ZA,2020-09-04 18:36:40,-33.59,26.89,74.62,52,0,18.48
12,Vaini,TO,2020-09-04 18:36:40,-21.2,-175.2,68.0,72,40,12.75
13,Mount Gambier,AU,2020-09-04 18:36:41,-37.83,140.77,42.8,93,2,8.05
14,Parabel,RU,2020-09-04 18:36:42,58.7,81.48,46.47,95,99,3.06
15,Phek,IN,2020-09-04 18:36:42,25.67,94.5,61.21,100,83,0.45
16,Bethel,US,2020-09-04 18:32:09,41.37,-73.41,82.0,54,40,11.41
17,Mahebourg,MU,2020-09-04 18:36:43,-20.41,57.7,68.0,72,75,14.99
18,Hilo,US,2020-09-04 18:36:43,19.73,-155.09,78.8,65,90,5.82
19,Castro,BR,2020-09-04 18:36:43,-24.79,-50.01,74.91,54,94,3.71
20,Marshalltown,US,2020-09-04 18:36:44,42.05,-92.91,81.0,31,75,11.41
21,Codrington,AU,2020-09-04 18:36:44,-38.27,141.97,45.03,90,0,7.72
22,Prestea,GH,2020-09-04 18:36:54,5.43,-2.14,74.55,83,22,5.41
23,Kavieng,PG,2020-09-04 18:36:54,-2.57,150.8,82.38,75,100,6.02
24,Torbay,CA,2020-09-04 18:35:21,47.67,-52.73,72.0,77,75,23.04
25,Barrow,US,2020-09-04 18:36:55,71.29,-156.79,39.2,86,90,4.9
26,Mocuba,MZ,2020-09-04 18:36:56,-16.84,36.99,65.57,80,6,4.61
27,Kaseda,JP,2020-09-04 18:36:56,31.42,130.32,77.77,84,97,9.44
28,Punta Arenas,CL,2020-09-04 18:32:12,-53.15,-70.92,42.8,81,75,8.05
29,Masindi,UG,2020-09-04 18:36:57,1.67,31.71,65.37,93,49,3.04
30,Kvarkeno,RU,2020-09-04 18:36:57,52.08,59.73,51.39,58,66,4.65
31,Butka,RU,2020-09-04 18:36:57,56.72,63.79,44.38,86,70,5.55
32,Destin,US,2020-09-04 18:36:36,30.39,-86.5,91.4,70,1,8.05
33,Jamestown,US,2020-09-04 18:36:57,42.1,-79.24,69.01,52,40,13.87
34,Ushuaia,AR,2020-09-04 18:34:21,-54.8,-68.3,41.0,75,75,3.36
35,San Quintin,MX,2020-09-04 18:36:59,30.48,-115.95,79.45,59,4,11.05
36,Faanui,PF,2020-09-04 18:37:00,-16.48,-151.75,77.56,80,1,20.45
37,Ucar,AZ,2020-09-04 18:37:00,40.52,47.65,69.8,73,0,4.7
38,Bredasdorp,ZA,2020-09-04 18:37:00,-34.53,20.04,57.2,76,0,8.05
39,San Patricio,MX,2020-09-04 18:37:00,19.22,-104.7,89.6,75,40,11.41
40,Limni,GR,2020-09-04 18:37:01,38.77,23.32,73.0,48,0,3.0
41,Saint-Joseph,RE,2020-09-04 18:37:01,-21.37,55.62,69.8,73,75,10.29
42,Merauke,ID,2020-09-04 18:37:01,-8.47,140.33,77.04,79,51,16.6
43,Lebu,CL,2020-09-04 18:37:02,-37.62,-73.65,51.87,61,100,5.3
44,Vila,PT,2020-09-04 18:37:02,42.03,-8.16,79.0,40,0,7.0
45,Shingu,JP,2020-09-04 18:37:02,33.73,135.98,74.77,89,89,4.61
46,Ribeira Grande,PT,2020-09-04 18:37:02,38.52,-28.7,75.2,73,40,23.04
47,Yantal,RU,2020-09-04 18:37:03,56.85,105.25,56.61,82,0,2.21
48,Maroantsetra,MG,2020-09-04 18:37:03,-15.43,49.73,67.42,81,59,6.98
49,Sitka,US,2020-09-04 18:36:57,57.05,-135.33,53.6,93,75,3.36
50,Erenhot,CN,2020-09-04 18:37:03,43.65,111.98,61.23,53,0,5.55
51,Avarua,CK,2020-09-04 18:37:03,-21.21,-159.78,77.0,88,0,5.82
52,Bandarbeyla,SO,2020-09-04 18:37:04,9.49,50.81,75.67,81,23,24.63
53,Ambilobe,MG,2020-09-04 18:37:04,-13.2,49.05,71.37,83,85,1.97
54,Rawson,AR,2020-09-04 18:37:04,-43.3,-65.1,50.59,48,67,19.57
55,Grindavik,IS,2020-09-04 18:37:04,63.84,-22.43,50.0,57,20,16.11
56,Surovikino,RU,2020-09-04 18:37:05,48.61,42.85,67.69,30,100,12.86
57,Atar,MR,2020-09-04 18:37:05,20.52,-13.05,104.94,16,7,12.46
58,Sibu,MY,2020-09-04 18:37:05,2.3,111.82,77.0,94,40,2.24
59,Arraial Do Cabo,BR,2020-09-04 18:37:05,-22.97,-42.03,91.4,45,0,12.75
60,Yellowknife,CA,2020-09-04 18:36:09,62.46,-114.35,53.01,50,40,2.24
61,Imbituba,BR,2020-09-04 18:37:06,-28.24,-48.67,62.6,72,75,13.87
62,Jimma,ET,2020-09-04 18:37:06,7.67,36.83,60.04,88,100,1.72
63,Hasaki,JP,2020-09-04 18:37:06,35.73,140.83,77.0,94,20,4.7
64,Port Elizabeth,ZA,2020-09-04 18:37:06,-33.92,25.57,71.6,64,0,16.11
65,Tura,IN,2020-09-04 18:37:07,25.52,90.22,75.88,86,100,2.57
66,Cape Town,ZA,2020-09-04 18:37:07,-33.93,18.42,59.0,82,20,10.29
67,Vanavara,RU,2020-09-04 18:37:07,60.34,102.28,56.05,94,64,2.68
68,Tutoia,BR,2020-09-04 18:37:07,-2.76,-42.27,82.78,67,3,12.77
69,Rancho San Diego,US,2020-09-04 18:32:18,32.75,-116.94,91.99,48,5,3.36
70,Hobart,AU,2020-09-04 18:36:35,-42.88,147.33,50.0,66,40,12.75
71,Kapaa,US,2020-09-04 18:37:08,22.08,-159.32,73.4,100,90,8.05
72,Luxor,EG,2020-09-04 18:37:08,25.7,32.64,100.4,19,9,4.7
73,Bengkulu,ID,2020-09-04 18:37:08,-3.8,102.27,75.63,90,91,4.27
74,Raga,SS,2020-09-04 18:37:08,8.46,25.68,71.56,93,92,3.44
75,Anchorage,US,2020-09-04 18:32:31,61.22,-149.9,51.8,70,1,1.1
76,Qaanaaq,GL,2020-09-04 18:37:09,77.48,-69.36,28.63,85,0,2.3
77,Atuona,PF,2020-09-04 18:37:09,-9.8,-139.03,78.94,78,18,22.62
78,Mataura,NZ,2020-09-04 18:37:09,-46.19,168.86,45.0,72,0,11.01
79,Manaure,CO,2020-09-04 18:37:10,11.78,-72.44,87.66,66,57,10.85
80,Bluff,NZ,2020-09-04 18:37:10,-46.6,168.33,45.0,72,11,11.01
81,Nantucket,US,2020-09-04 18:37:10,41.28,-70.1,78.8,74,1,10.29
82,Leh,IN,2020-09-04 18:37:10,34.17,77.58,55.09,52,18,4.05
83,Albany,US,2020-09-04 18:36:52,42.6,-73.97,75.99,40,3,9.42
84,Mackay,AU,2020-09-04 18:35:02,-21.15,149.2,64.4,93,90,8.05
85,Saint-Francois,FR,2020-09-04 18:37:11,46.42,3.91,84.2,35,0,1.12
86,Saskylakh,RU,2020-09-04 18:37:11,71.92,114.08,43.43,92,100,15.28
87,Souillac,MU,2020-09-04 18:37:11,-20.52,57.52,68.0,72,75,14.99
88,New Norfolk,AU,2020-09-04 18:37:12,-42.78,147.06,48.99,70,52,1.99
89,Norman Wells,CA,2020-09-04 18:37:12,65.28,-126.83,48.2,87,75,2.24
90,Xuddur,SO,2020-09-04 18:37:12,4.12,43.89,76.98,56,41,21.5
91,Butaritari,KI,2020-09-04 18:37:12,3.07,172.79,82.38,70,1,5.39
92,Sabang,ID,2020-09-04 18:37:12,5.89,95.32,82.6,76,100,12.59
93,Ciocarlia,RO,2020-09-04 18:37:13,44.1,28.28,62.6,93,90,18.34
94,Carnarvon,AU,2020-09-04 18:37:13,-24.87,113.63,64.4,93,0,11.41
95,Burnie,AU,2020-09-04 18:37:13,-41.07,145.92,46.99,92,76,5.01
96,Khatanga,RU,2020-09-04 18:37:13,71.97,102.5,35.64,91,10,8.01
97,Tagusao,PH,2020-09-04 18:37:14,9.19,117.81,80.65,78,13,3.04
98,Denpasar,ID,2020-09-04 18:37:14,-8.65,115.22,78.8,100,40,6.93
99,Nipawin,CA,2020-09-04 18:37:14,53.37,-104.0,62.6,51,20,10.29
100,Nanortalik,GL,2020-09-04 18:37:15,60.14,-45.24,45.43,88,100,14.67
101,Samarai,PG,2020-09-04 18:37:15,-10.62,150.67,77.45,87,98,15.79
102,Karasjok,NO,2020-09-04 18:37:15,69.47,25.51,59.0,87,75,27.51
103,Klaksvik,FO,2020-09-04 18:37:15,62.23,-6.59,48.2,100,100,17.22
104,Chuy,UY,2020-09-04 18:37:15,-33.7,-53.46,60.84,70,11,9.28
105,Pokhara,NP,2020-09-04 18:32:45,28.23,83.98,71.24,81,6,2.24
106,Kieta,PG,2020-09-04 18:37:16,-6.22,155.63,78.31,78,13,6.17
107,Mabaruma,GY,2020-09-04 18:37:16,8.2,-59.78,81.77,91,100,5.91
108,Saint George,US,2020-09-04 18:36:03,37.1,-113.58,96.01,9,1,3.36
109,Kodiak,US,2020-09-04 18:37:16,57.79,-152.41,51.8,62,1,3.36
110,Bathsheba,BB,2020-09-04 18:35:59,13.22,-59.52,87.8,74,75,17.22
111,Puerto Ayora,EC,2020-09-04 18:35:22,-0.74,-90.35,77.0,61,40,18.34
112,Lamar,US,2020-09-04 18:37:17,33.67,-95.58,84.99,74,40,3.36
113,Axim,GH,2020-09-04 18:37:17,4.87,-2.24,75.67,87,0,8.03
114,Cidreira,BR,2020-09-04 18:37:17,-30.18,-50.21,59.14,71,12,7.09
115,Tuatapere,NZ,2020-09-04 18:37:17,-46.13,167.68,45.0,72,0,11.01
116,Taoudenni,ML,2020-09-04 18:37:18,22.68,-3.98,98.58,28,54,23.26
117,Batagay-Alyta,RU,2020-09-04 18:37:18,67.8,130.41,44.78,80,100,3.62
118,Kaitangata,NZ,2020-09-04 18:37:18,-46.28,169.85,46.0,75,3,7.2
119,Tiksi,RU,2020-09-04 18:37:18,71.69,128.87,46.29,84,88,8.21
120,Gat,IL,2020-09-04 18:36:33,31.61,34.76,93.0,75,0,5.17
121,Beringovskiy,RU,2020-09-04 18:37:19,63.05,179.32,46.09,66,99,14.36
122,Bambanglipuro,ID,2020-09-04 18:37:19,-7.95,110.28,76.66,84,68,9.64
123,Kafanchan,NG,2020-09-04 18:37:19,9.58,8.3,71.02,94,100,2.66
124,Altamont,US,2020-09-04 18:33:52,42.21,-121.74,82.99,33,1,3.36
125,Ameca,MX,2020-09-04 18:37:19,20.55,-104.03,80.01,54,75,3.0
126,Georgetown,MY,2020-09-04 18:37:20,5.41,100.34,78.8,88,20,3.36
127,Thompson,CA,2020-09-04 18:37:20,55.74,-97.86,53.6,71,75,12.75
128,Gela,IT,2020-09-04 18:37:20,37.08,14.23,78.8,65,0,10.29
129,Shache,CN,2020-09-04 18:37:20,38.42,77.24,69.89,21,100,9.42
130,Ancud,CL,2020-09-04 18:37:21,-41.87,-73.82,54.0,70,100,1.01
131,Olafsvik,IS,2020-09-04 18:37:21,64.89,-23.71,48.0,71,20,7.61
132,Faya,SA,2020-09-04 18:37:21,18.39,42.45,75.2,20,0,11.41
133,Usak,TR,2020-09-04 18:37:21,38.5,29.42,69.06,66,0,8.01
134,Guerrero Negro,MX,2020-09-04 18:37:22,27.98,-114.06,81.59,55,0,12.93
135,Innisfail,AU,2020-09-04 18:37:22,-17.53,146.03,66.27,89,20,3.24
136,Belyy Yar,RU,2020-09-04 18:37:22,53.6,91.39,53.6,87,75,11.18
137,Tuktoyaktuk,CA,2020-09-04 18:37:22,69.45,-133.04,37.4,86,75,14.99
138,Tanout,NE,2020-09-04 18:37:22,14.97,8.89,89.82,36,100,3.91
139,Skowhegan,US,2020-09-04 18:32:50,44.77,-69.72,78.01,37,82,7.25
140,College,US,2020-09-04 18:37:23,64.86,-147.8,48.2,87,90,8.05
141,Wajima,JP,2020-09-04 18:37:23,37.4,136.9,79.45,84,94,11.7
142,Vanimo,PG,2020-09-04 18:37:23,-2.67,141.3,78.3,83,100,2.75
143,Lebedinyy,RU,2020-09-04 18:37:23,58.52,125.52,43.48,97,100,3.85
144,Stokmarknes,NO,2020-09-04 18:37:24,68.56,14.91,55.4,100,75,1.12
145,Maceio,BR,2020-09-04 18:37:24,-9.67,-35.74,80.6,57,20,13.87
146,Burlington,US,2020-09-04 18:36:47,39.88,-74.64,88.0,55,20,9.17
147,Swan River,CA,2020-09-04 18:37:24,52.11,-101.27,63.48,49,2,11.97
148,Nikolskoye,RU,2020-09-04 18:37:25,59.7,30.79,63.0,77,99,2.24
149,Pemba,MZ,2020-09-04 18:37:25,-12.97,40.52,75.2,78,40,11.41
150,Obera,AR,2020-09-04 18:37:26,-27.49,-55.12,74.79,36,0,5.46
151,Katsuura,JP,2020-09-04 18:37:26,35.13,140.3,82.4,78,0,8.05
152,Venado Tuerto,AR,2020-09-04 18:37:26,-33.75,-61.97,63.0,67,100,8.01
153,Evensk,RU,2020-09-04 18:37:26,61.95,159.23,40.1,71,0,4.65
154,Kruisfontein,ZA,2020-09-04 18:37:27,-34.0,24.73,69.01,43,0,4.0
155,Poum,NC,2020-09-04 18:37:27,-20.23,164.02,68.9,69,65,15.7
156,Esperance,AU,2020-09-04 18:37:27,-33.87,121.9,51.8,100,0,13.87
157,Nalut,LY,2020-09-04 18:37:27,30.33,10.85,92.21,11,68,9.98
158,Portland,US,2020-09-04 18:32:45,45.52,-122.68,77.0,50,1,4.7
159,Abu Kamal,SY,2020-09-04 18:37:28,34.45,40.92,86.65,13,0,2.89
160,San Matias,BO,2020-09-04 18:37:28,-16.37,-58.4,104.85,12,16,6.26
161,Juneau,US,2020-09-04 18:35:20,58.3,-134.42,53.6,87,75,10.29
162,Bouillante,GP,2020-09-04 18:37:28,16.13,-61.77,86.0,70,75,16.11
163,Hofn,IS,2020-09-04 18:37:28,64.25,-15.21,48.2,63,75,29.97
164,La Ronge,CA,2020-09-04 18:37:28,55.1,-105.28,59.0,54,40,12.75
165,Kashi,CN,2020-09-04 18:37:29,39.45,75.98,75.2,14,54,13.42
166,Hobyo,SO,2020-09-04 18:37:29,5.35,48.53,76.93,79,77,28.39
167,Upernavik,GL,2020-09-04 18:37:29,72.79,-56.15,36.25,73,0,10.18
168,Playa Vicente,MX,2020-09-04 18:37:29,17.83,-95.82,77.5,91,100,8.79
169,Luziania,BR,2020-09-04 18:34:34,-16.25,-47.95,86.0,27,0,3.36
170,Uray,RU,2020-09-04 18:37:30,60.12,64.78,42.69,82,2,5.66
171,Chapultepec,MX,2020-09-04 18:37:30,19.2,-99.56,62.6,55,75,12.75
172,Chokurdakh,RU,2020-09-04 18:37:30,70.63,147.92,32.83,94,0,10.29
173,Matamoros,MX,2020-09-04 18:35:21,25.53,-103.25,86.0,40,5,4.7
174,Dikson,RU,2020-09-04 18:37:31,73.51,80.55,42.33,89,100,10.45
175,Puerto Colombia,CO,2020-09-04 18:37:31,10.99,-74.95,77.0,94,40,3.36
176,Alugan,PH,2020-09-04 18:37:31,12.22,125.48,78.37,90,98,5.75
177,Manavalakurichi,IN,2020-09-04 18:37:31,8.13,77.3,84.2,83,40,2.24
178,Geraldton,AU,2020-09-04 18:37:32,-28.77,114.6,48.2,93,0,8.12
179,Vilhena,BR,2020-09-04 18:37:32,-12.74,-60.15,93.2,30,49,8.05
180,Sirnak,TR,2020-09-04 18:37:32,37.52,42.46,74.44,20,0,7.05
181,Temirgoyevskaya,RU,2020-09-04 18:37:32,45.11,40.28,79.79,33,100,15.14
182,Nemuro,JP,2020-09-04 18:37:33,43.32,145.57,62.55,92,96,9.24
183,La Romana,DO,2020-09-04 18:37:33,18.43,-68.97,84.2,74,90,9.17
184,Kavaratti,IN,2020-09-04 18:37:33,10.57,72.64,82.56,76,92,1.32
185,Disna,BY,2020-09-04 18:37:33,55.57,28.2,57.51,82,100,4.41
186,Yinchuan,CN,2020-09-04 18:37:33,38.47,106.27,73.0,21,100,2.24
187,Boyolangu,ID,2020-09-04 18:37:34,-8.12,111.89,73.8,90,48,5.7
188,Kargil,IN,2020-09-04 18:37:34,34.57,76.1,55.15,53,11,4.16
189,Alihe,CN,2020-09-04 18:37:34,50.57,123.72,52.84,94,100,10.56
190,Constitucion,CL,2020-09-04 18:37:34,-35.33,-72.42,56.35,57,91,4.97
191,Iquitos,PE,2020-09-04 18:34:31,-3.75,-73.25,87.8,66,40,4.7
192,San Carlos De Bariloche,AR,2020-09-04 18:35:22,-41.15,-71.31,50.0,29,100,13.87
193,Port Hardy,CA,2020-09-04 18:37:35,50.7,-127.42,55.4,100,90,4.7
194,Yar-Sale,RU,2020-09-04 18:37:35,66.83,70.83,40.75,79,0,10.38
195,Mahanoro,MG,2020-09-04 18:37:35,-19.9,48.8,65.19,82,4,10.4
196,Vestmanna,FO,2020-09-04 18:37:36,62.16,-7.17,48.2,100,100,17.22
197,Ponta Do Sol,PT,2020-09-04 18:37:36,32.67,-17.1,75.2,69,40,10.29
198,Severo-Kurilsk,RU,2020-09-04 18:37:36,50.68,156.12,49.46,81,18,6.26
199,Inhambane,MZ,2020-09-04 18:37:36,-23.86,35.38,69.01,77,20,4.7
200,Zhuhai,CN,2020-09-04 18:37:38,22.28,113.57,84.99,89,20,6.93
201,Tasiilaq,GL,2020-09-04 18:37:38,65.61,-37.64,42.8,60,75,17.22
202,Port Macquarie,AU,2020-09-04 18:37:38,-31.43,152.92,63.0,88,52,5.1
203,Jumla,NP,2020-09-04 18:37:39,29.27,82.18,60.62,68,97,1.19
204,Lichuan,CN,2020-09-04 18:37:39,30.3,108.85,57.6,94,31,1.9
205,Ozinki,RU,2020-09-04 18:37:39,51.18,49.68,57.99,50,50,10.78
206,Kahului,US,2020-09-04 18:35:41,20.89,-156.47,80.6,57,20,3.36
207,Pak Phanang,TH,2020-09-04 18:37:39,8.35,100.2,81.0,79,77,7.92
208,Itaunja,IN,2020-09-04 18:37:40,27.08,80.92,84.2,89,75,2.66
209,Hohhot,CN,2020-09-04 18:37:40,40.81,111.65,51.8,81,0,4.47
210,Tabou,CI,2020-09-04 18:35:10,4.42,-7.35,75.96,87,45,10.69
211,Touros,BR,2020-09-04 18:34:01,-5.2,-35.46,80.6,74,75,17.22
212,Caboolture,AU,2020-09-04 18:37:40,-27.08,152.95,57.99,95,100,2.21
213,Marsh Harbour,BS,2020-09-04 18:35:21,26.54,-77.06,85.6,70,9,10.31
214,Shimoda,JP,2020-09-04 18:37:41,34.67,138.95,72.0,90,4,4.5
215,Naze,JP,2020-09-04 18:35:05,28.37,129.48,80.6,94,75,14.99
216,Visby,SE,2020-09-04 18:37:01,57.64,18.3,64.0,82,100,9.17
217,Srednekolymsk,RU,2020-09-04 18:37:41,67.45,153.68,31.96,95,0,7.87
218,Lompoc,US,2020-09-04 18:37:41,34.64,-120.46,71.6,72,1,6.93
219,Mendoza,AR,2020-09-04 18:33:00,-32.89,-68.83,60.8,25,0,2.24
220,Monrovia,LR,2020-09-04 18:37:42,6.3,-10.8,80.6,83,75,11.41
221,Rapid Valley,US,2020-09-04 18:37:42,44.06,-103.15,82.99,19,1,5.82
222,Anloga,GH,2020-09-04 18:37:42,5.79,0.9,78.8,83,20,13.87
223,Mugur-Aksy,RU,2020-09-04 18:37:42,50.35,90.5,45.19,69,78,5.99
224,Jinchang,CN,2020-09-04 18:37:42,38.5,102.17,71.28,21,100,5.17
225,Redmond,US,2020-09-04 18:35:27,47.67,-122.12,78.01,63,0,3.56
226,Anshun,CN,2020-09-04 18:37:43,26.25,105.93,65.05,99,72,4.68
227,Sartana,UA,2020-09-04 18:37:43,47.17,37.7,80.01,100,100,25.01
228,Longyearbyen,SJ,2020-09-04 18:37:43,78.22,15.64,48.2,87,75,9.17
229,Rozkishne,UA,2020-09-04 18:37:44,48.5,37.59,74.48,23,100,15.23
230,Bambous Virieux,MU,2020-09-04 18:37:44,-20.34,57.76,68.0,72,75,14.99
231,Nampula,MZ,2020-09-04 18:37:44,-15.12,39.27,71.01,68,40,12.75
232,Hopkinsville,US,2020-09-04 18:37:44,36.87,-87.49,78.01,55,100,4.0
233,Copiapo,CL,2020-09-04 18:37:44,-27.37,-70.33,60.8,59,20,11.41
234,Saint-Philippe,RE,2020-09-04 18:37:45,-21.36,55.77,69.8,73,75,10.29
235,Qianjiang,CN,2020-09-04 18:37:45,30.42,112.89,66.47,96,16,4.43
236,Margate,GB,2020-09-04 18:37:45,51.38,1.39,64.0,68,100,9.55
237,Haines Junction,CA,2020-09-04 18:37:45,60.75,-137.51,48.38,55,100,4.23
238,Kirakira,SB,2020-09-04 18:37:46,-10.45,161.92,77.45,84,100,11.05
239,Vardo,NO,2020-09-04 18:37:26,70.37,31.11,53.6,87,75,16.11
240,Carutapera,BR,2020-09-04 18:37:46,-1.2,-46.02,83.73,69,0,9.26
241,Bogorodskoye,RU,2020-09-04 18:37:46,56.55,37.88,59.52,60,100,10.36
242,Hithadhoo,MV,2020-09-04 18:37:46,-0.6,73.08,82.6,76,46,15.7
243,Airai,TL,2020-09-04 18:37:47,-8.93,125.41,57.31,55,0,3.24
244,Aklavik,CA,2020-09-04 18:37:47,68.22,-135.01,48.2,81,75,5.82
245,Khash,IR,2020-09-04 18:37:47,28.22,61.22,69.15,22,8,6.8
246,Dongli,CN,2020-09-04 18:37:47,23.57,116.82,77.0,94,40,2.24
247,Ngunguru,NZ,2020-09-04 18:37:47,-35.62,174.5,39.99,3,0,3.0
248,Bubaque,GW,2020-09-04 18:37:48,11.28,-15.83,79.9,81,36,11.63
249,Mehamn,NO,2020-09-04 18:37:48,71.04,27.85,59.0,77,75,14.99
250,Henties Bay,NA,2020-09-04 18:37:48,-22.12,14.28,57.0,87,9,5.01
251,Alpena,US,2020-09-04 18:37:48,45.06,-83.43,66.2,42,40,11.41
252,Vila Velha,BR,2020-09-04 18:37:48,-20.33,-40.29,82.4,61,0,16.11
253,Salinas,US,2020-09-04 18:37:03,36.68,-121.66,73.99,68,1,4.7
254,Ridgecrest,US,2020-09-04 18:36:38,35.62,-117.67,95.0,10,0,2.86
255,Manturovo,RU,2020-09-04 18:37:49,58.34,44.76,51.94,90,1,5.7
256,Gasa,PS,2020-09-04 18:37:49,31.5,34.47,88.0,70,0,6.93
257,Mandalgovi,MN,2020-09-04 18:37:49,45.76,106.27,59.83,52,100,9.78
258,Umba,RU,2020-09-04 18:33:05,66.69,34.34,56.71,94,37,14.12
259,Lagoa,PT,2020-09-04 18:37:50,39.05,-27.98,71.82,85,16,21.34
260,Dunedin,NZ,2020-09-04 18:37:50,-45.87,170.5,53.01,67,0,1.99
261,Tigil,RU,2020-09-04 18:37:50,57.8,158.67,37.0,88,80,2.53
262,Sao Sebastiao,BR,2020-09-04 18:37:50,-23.76,-45.41,71.55,84,70,8.81
263,Salalah,OM,2020-09-04 18:37:49,17.02,54.09,80.6,83,75,9.17
264,Badou,TG,2020-09-04 18:37:51,7.58,0.6,73.45,86,79,3.49
265,Cabo San Lucas,MX,2020-09-04 18:33:26,22.89,-109.91,93.2,55,5,6.93
266,Hovd,MN,2020-09-04 18:37:51,48.01,91.64,58.12,48,0,8.21
267,Hami,CN,2020-09-04 18:37:51,42.8,93.45,70.18,40,0,9.51
268,Mar Del Plata,AR,2020-09-04 18:37:02,-38.0,-57.56,59.0,38,40,13.87
269,Fortuna,US,2020-09-04 18:37:52,40.6,-124.16,62.01,93,75,3.36
270,Biak,ID,2020-09-04 18:37:52,-0.91,122.88,76.3,83,64,7.56
271,Lubliniec,PL,2020-09-04 18:37:52,50.67,18.68,66.2,82,34,5.82
272,Cascais,PT,2020-09-04 18:37:52,38.7,-9.42,82.99,28,0,21.92
273,Komsomolskiy,UZ,2020-09-04 18:37:53,40.43,71.72,69.8,46,0,6.93
274,Atbasar,KZ,2020-09-04 18:37:53,51.8,68.33,46.87,69,78,7.52
275,Tete,MZ,2020-09-04 18:37:53,-16.16,33.59,75.2,41,20,5.82
276,Chicama,PE,2020-09-04 18:37:53,-7.84,-79.15,71.98,53,12,11.56
277,Miri,MY,2020-09-04 18:37:53,4.41,114.01,78.8,94,40,3.36
278,Belmonte,BR,2020-09-04 18:37:54,-15.86,-38.88,78.8,65,20,9.17
279,Xinzhi,CN,2020-09-04 18:37:55,36.5,111.7,72.34,30,100,4.03
280,Luderitz,NA,2020-09-04 18:37:55,-26.65,15.16,58.42,72,72,8.39
281,Roma,US,2020-09-04 18:33:32,43.21,-75.46,73.4,46,40,14.99
282,Hamilton,US,2020-09-04 18:33:32,39.18,-84.53,81.0,44,1,3.36
283,Aksarayskiy,RU,2020-09-04 18:37:56,46.79,48.01,69.01,64,8,8.95
284,Victoria,HK,2020-09-04 18:37:56,22.29,114.16,84.0,86,38,5.99
285,Trinidad,BO,2020-09-04 18:33:27,-14.83,-64.9,91.4,46,72,4.7
286,Rabaul,PG,2020-09-04 18:37:57,-4.2,152.17,79.83,78,98,8.21
287,Marrakesh,MA,2020-09-04 18:37:57,31.63,-8.01,96.8,30,20,6.93
288,Tveit,NO,2020-09-04 18:37:57,58.23,8.12,57.99,82,40,9.17
289,Ust-Koksa,RU,2020-09-04 18:37:57,50.27,85.61,44.08,80,36,3.8
290,Ranong,TH,2020-09-04 18:37:58,9.97,98.63,80.04,79,100,3.31
291,Coihaique,CL,2020-09-04 18:37:58,-45.58,-72.07,50.0,43,20,3.36
292,Suleja,NG,2020-09-04 18:37:58,9.18,7.18,72.82,94,97,2.59
293,Kamaishi,JP,2020-09-04 18:37:58,39.27,141.88,75.18,91,96,3.87
294,Quixeramobim,BR,2020-09-04 18:37:59,-5.2,-39.29,93.33,28,25,6.67
295,Manado,ID,2020-09-04 18:37:59,1.49,124.85,75.2,94,20,1.12
296,Vila Franca Do Campo,PT,2020-09-04 18:37:59,37.72,-25.43,71.6,83,40,10.29
297,Bollnas,SE,2020-09-04 18:37:59,61.35,16.39,60.01,91,43,1.99
298,Mayo,US,2020-09-04 18:38:00,38.89,-76.51,89.01,55,20,5.97
299,Mezen,RU,2020-09-04 18:38:00,65.85,44.24,54.95,79,0,8.7
300,Iwanai,JP,2020-09-04 18:38:00,42.97,140.51,72.45,92,99,1.21
301,Saldanha,ZA,2020-09-04 18:38:00,-33.01,17.94,57.2,87,18,5.82
302,Labrea,BR,2020-09-04 18:38:00,-7.26,-64.8,103.44,21,55,3.69
303,Myrtle Beach,US,2020-09-04 18:38:01,33.69,-78.89,97.0,62,1,9.17
304,Clyde River,CA,2020-09-04 18:38:01,70.47,-68.59,39.2,93,75,14.99
305,Vao,NC,2020-09-04 18:38:01,-22.67,167.48,66.22,67,67,20.96
306,Lorengau,PG,2020-09-04 18:38:01,-2.02,147.27,81.9,75,100,6.15
307,Paamiut,GL,2020-09-04 18:38:02,61.99,-49.67,45.57,96,100,21.14
308,Fairbanks,US,2020-09-04 18:33:47,64.84,-147.72,48.2,87,90,9.17
309,Tshikapa,CD,2020-09-04 18:38:02,-6.42,20.8,82.36,35,0,3.0
310,Shenkursk,RU,2020-09-04 18:36:04,62.11,42.9,59.99,72,100,7.72
311,Apatity,RU,2020-09-04 18:38:02,67.56,33.4,55.49,93,99,9.69
312,Roald,NO,2020-09-04 18:38:03,62.58,6.13,55.4,76,75,11.41
313,Tecoanapa,MX,2020-09-04 18:38:03,16.52,-98.75,85.75,75,73,10.25
314,Dingle,PH,2020-09-04 18:38:03,11.0,122.67,77.14,88,94,1.5
315,Bartow,US,2020-09-04 18:38:03,27.9,-81.84,96.01,56,40,4.7
316,Puerto Cabezas,NI,2020-09-04 18:38:08,14.04,-83.39,84.2,89,75,4.7
317,Marienburg,PL,2020-09-04 18:38:08,54.04,19.03,60.01,100,59,4.36
318,Turukhansk,RU,2020-09-04 18:38:08,65.82,87.98,53.94,70,96,15.79
319,Abay,KZ,2020-09-04 18:38:09,49.63,72.85,35.6,74,18,4.47
320,Santa Rosa,PH,2020-09-04 18:38:09,14.31,121.11,80.6,88,97,4.7
321,Sao Filipe,CV,2020-09-04 18:38:09,14.9,-24.5,80.47,83,100,22.77
322,Le Port,RE,2020-09-04 18:38:09,-20.94,55.29,69.8,73,40,4.7
323,Sur,OM,2020-09-04 18:38:10,22.57,59.53,80.58,66,0,12.24
324,Namibe,AO,2020-09-04 18:38:10,-15.2,12.15,63.97,69,0,8.16
325,Freeport,US,2020-09-04 18:35:04,40.66,-73.58,87.01,54,1,8.37
326,Santa Maria Del Oro,MX,2020-09-04 18:38:10,25.93,-105.37,81.95,33,0,13.85
327,Honiara,SB,2020-09-04 18:38:10,-9.43,159.95,69.8,100,75,3.36
328,West Wendover,US,2020-09-04 18:38:11,40.74,-114.07,82.4,15,1,8.05
329,Toamasina,MG,2020-09-04 18:38:11,-18.17,49.38,66.2,88,40,5.82
330,Gelgaudiskis,LT,2020-09-04 18:38:11,55.08,22.98,56.98,97,37,6.24
331,Nouadhibou,MR,2020-09-04 18:36:19,20.93,-17.03,78.8,74,0,12.75
332,Saint-Pierre,RE,2020-09-04 18:38:11,-21.34,55.48,69.8,73,75,10.29
333,La Tuque,CA,2020-09-04 18:38:12,47.43,-72.78,63.36,50,33,11.61
334,Batticaloa,LK,2020-09-04 18:38:12,7.71,81.69,81.91,78,100,3.53
335,Bahia Blanca,AR,2020-09-04 18:38:12,-38.72,-62.27,59.4,33,88,11.32
336,Zyryanka,RU,2020-09-04 18:38:12,65.75,150.85,41.52,68,20,6.53
337,Stornoway,GB,2020-09-04 18:38:13,58.21,-6.39,54.0,76,75,18.34
338,Quatre Cocos,MU,2020-09-04 18:38:13,-20.21,57.76,68.0,72,75,14.99
339,Hervey Bay,AU,2020-09-04 18:38:13,-25.3,152.85,61.0,85,3,3.0
340,Podosinovets,RU,2020-09-04 18:38:13,60.28,47.07,52.9,87,98,6.26
341,Rockport,US,2020-09-04 18:38:13,28.02,-97.05,93.99,59,1,12.75
342,Byron Bay,AU,2020-09-04 18:38:14,-28.65,153.62,62.6,77,100,6.93
343,Poso,ID,2020-09-04 18:38:14,-1.4,120.75,77.45,72,11,6.73
344,Sept-Iles,CA,2020-09-04 18:35:20,50.2,-66.38,57.99,82,20,10.29
345,Neryungri,RU,2020-09-04 18:38:14,56.67,124.65,51.22,94,100,1.14
346,Hauterive,FR,2020-09-04 18:38:14,46.09,3.45,84.2,37,0,5.82
347,Wau,SS,2020-09-04 18:38:15,7.7,28.0,72.23,93,17,2.95
348,Weiser,US,2020-09-04 18:38:15,44.25,-116.97,91.0,34,1,3.8
349,Noumea,NC,2020-09-04 18:37:40,-22.28,166.46,62.6,77,90,1.12
350,Saint-Louis,SN,2020-09-04 18:38:15,16.33,-15.0,87.8,62,100,2.24
351,Verkhnyaya Inta,RU,2020-09-04 18:38:15,65.98,60.31,48.7,90,98,4.38
352,Sioux Lookout,CA,2020-09-04 18:38:16,50.1,-91.92,53.6,76,75,10.29
353,Posadas,AR,2020-09-04 18:38:16,-27.37,-55.9,77.0,41,0,11.41
354,Loa Janan,ID,2020-09-04 18:38:16,-0.58,117.09,74.41,96,100,4.9
355,Plettenberg Bay,ZA,2020-09-04 18:38:16,-34.05,23.37,59.77,67,0,7.7
356,Brora,GB,2020-09-04 18:38:16,58.01,-3.85,57.2,67,93,18.34
357,Benguela,AO,2020-09-04 18:38:17,-12.58,13.41,70.14,78,80,2.84
358,Cabedelo,BR,2020-09-04 18:38:17,-6.98,-34.83,82.4,61,40,17.22
359,Kiruna,SE,2020-09-04 18:38:17,67.86,20.23,53.6,100,93,2.24
360,Sechura,PE,2020-09-04 18:38:17,-5.56,-80.82,74.84,49,13,15.14
361,Piacenza,IT,2020-09-04 18:38:17,45.05,9.7,77.0,50,0,4.7
362,Itoman,JP,2020-09-04 18:38:18,26.12,127.67,78.8,88,75,12.75
363,Port Blair,IN,2020-09-04 18:38:18,11.67,92.75,82.89,78,98,5.64
364,Auki,SB,2020-09-04 18:38:18,-8.77,160.7,76.51,86,88,3.6
365,Ahipara,NZ,2020-09-04 18:38:18,-35.17,173.17,47.8,79,39,4.05
366,Burgeo,CA,2020-09-04 18:38:18,47.62,-57.62,63.34,94,100,20.51
367,Yermolayevo,RU,2020-09-04 18:38:19,52.72,55.8,44.02,80,0,6.98
368,Cordoba,AR,2020-09-04 18:38:19,-31.41,-64.18,71.01,43,95,5.82
369,Sheridan,US,2020-09-04 18:38:19,44.83,-106.92,84.2,17,1,5.82
370,Maldonado,UY,2020-09-04 18:38:19,-34.67,-54.92,57.2,71,75,17.22
371,Cap Malheureux,MU,2020-09-04 18:38:20,-19.98,57.61,68.0,72,75,14.99
372,Alta Floresta,BR,2020-09-04 18:38:20,-9.88,-56.09,100.4,19,40,2.24
373,Marystown,CA,2020-09-04 18:38:20,47.17,-55.15,70.0,100,98,11.99
374,Taltal,CL,2020-09-04 18:38:20,-25.4,-70.48,61.27,58,22,3.98
375,Dicabisagan,PH,2020-09-04 18:38:21,17.08,122.42,77.27,83,37,4.68
376,Pangnirtung,CA,2020-09-04 18:38:21,66.15,-65.71,48.2,66,75,13.87
377,Bilibino,RU,2020-09-04 18:38:21,68.05,166.44,31.55,94,86,3.0
378,Constantine,DZ,2020-09-04 18:38:21,36.37,6.61,73.4,60,40,13.87
379,Matagami,CA,2020-09-04 18:38:21,49.75,-77.63,57.2,58,90,13.58
380,Alice Springs,AU,2020-09-04 18:38:22,-23.7,133.88,59.0,28,5,5.82
381,Arroyo,ES,2020-09-04 18:38:22,41.61,-4.8,87.01,16,0,4.7
382,Quang Ngai,VN,2020-09-04 18:38:22,15.12,108.8,78.13,90,63,3.71
383,Svetlogorsk,BY,2020-09-04 18:38:22,52.63,29.73,56.55,76,0,2.91
384,Bose,IT,2020-09-04 18:38:22,45.46,8.01,73.99,71,0,1.99
385,Changying,CN,2020-09-04 18:38:23,52.87,123.32,53.2,95,100,12.8
386,Cherskiy,RU,2020-09-04 18:38:23,68.75,161.3,33.85,91,19,3.6
387,Port Lincoln,AU,2020-09-04 18:38:23,-34.73,135.87,53.58,87,0,7.72
388,Krasnoselkup,RU,2020-09-04 18:35:07,65.7,82.47,46.06,70,8,17.38
389,Sembe,CG,2020-09-04 18:38:23,1.65,14.58,72.54,92,100,2.48
390,Capao Da Canoa,BR,2020-09-04 18:38:24,-29.75,-50.01,58.66,74,66,5.84
391,Falun,SE,2020-09-04 18:34:05,60.6,15.63,59.0,77,0,4.7
392,Pierre,US,2020-09-04 18:37:30,44.37,-100.35,84.99,18,1,17.22
393,Los Llanos De Aridane,ES,2020-09-04 18:38:24,28.66,-17.92,77.0,69,0,4.7
394,Machico,PT,2020-09-04 18:38:24,32.7,-16.77,75.2,69,40,10.29
395,Mango,US,2020-09-04 18:35:30,27.98,-82.31,97.0,53,75,5.82
396,Nabire,ID,2020-09-04 18:38:25,-3.37,135.48,75.81,88,100,3.71
397,Camacha,PT,2020-09-04 18:38:25,33.08,-16.33,75.2,73,20,10.29
398,De-Kastri,RU,2020-09-04 18:38:25,51.47,140.78,61.97,95,60,3.38
399,Inirida,CO,2020-09-04 18:38:25,3.87,-67.92,90.7,56,100,2.53
400,Bereda,ES,2020-09-04 18:38:26,43.27,-7.54,78.01,73,1,7.0
401,Greenville,US,2020-09-04 18:34:15,35.61,-77.37,91.4,46,1,5.82
402,Ixtapa,MX,2020-09-04 18:38:26,20.7,-105.2,90.0,70,40,6.93
403,Yuli,NG,2020-09-04 18:38:26,9.7,10.27,75.07,86,99,2.1
404,Spirit River,CA,2020-09-04 18:38:26,55.78,-118.84,66.2,45,40,19.46
405,Cayenne,GF,2020-09-04 18:38:26,4.93,-52.33,86.0,70,0,5.82
406,Ongandjera,NA,2020-09-04 18:38:27,-17.88,15.07,79.21,24,25,6.93
407,Corinto,GR,2020-09-04 18:38:27,37.94,22.96,82.99,39,0,1.01
408,Sao Felix Do Xingu,BR,2020-09-04 18:34:57,-6.64,-51.99,102.49,12,42,3.8
409,Hualahuises,MX,2020-09-04 18:38:27,24.88,-99.67,94.55,35,0,7.23
410,Omboue,GA,2020-09-04 18:38:27,-1.57,9.26,75.9,82,100,12.73
411,Ayan,RU,2020-09-04 18:38:28,56.45,138.17,51.8,94,100,17.74
412,Brejo Da Madre De Deus,BR,2020-09-04 18:38:28,-8.15,-36.37,74.88,59,82,14.36
413,Dwarka,IN,2020-09-04 18:38:28,22.24,68.97,82.36,79,0,7.94
414,Mbala,ZM,2020-09-04 18:38:28,-8.84,31.37,63.73,39,0,8.61
415,Songjianghe,CN,2020-09-04 18:38:28,42.19,127.48,50.13,78,0,6.13
416,Burayevo,RU,2020-09-04 18:38:29,55.84,55.41,45.25,91,0,5.35
417,Bowen,AU,2020-09-04 18:38:29,-20.02,148.23,60.8,87,75,3.36
418,Buala,SB,2020-09-04 18:38:29,-8.14,159.59,79.14,81,26,8.61
419,Martapura,ID,2020-09-04 18:38:29,-3.42,114.85,75.2,100,100,1.12
420,Saint Anthony,US,2020-09-04 18:38:29,45.02,-93.22,71.01,45,20,6.93
421,Brigantine,US,2020-09-04 18:38:30,39.41,-74.36,89.6,52,40,11.41
422,Sherlovaya Gora,RU,2020-09-04 18:38:30,50.57,116.25,51.66,86,100,17.4
423,Kenai,US,2020-09-04 18:36:44,60.55,-151.26,51.01,87,20,2.75
424,Chapais,CA,2020-09-04 18:38:30,49.78,-74.85,53.6,66,75,19.46
425,Labuhan,ID,2020-09-04 18:38:31,-6.88,112.21,77.54,84,0,10.63
426,Itarema,BR,2020-09-04 18:38:31,-2.92,-39.92,83.12,62,0,19.71
427,Fredericksburg,US,2020-09-04 18:37:13,38.3,-77.46,91.0,52,1,5.82
428,Tottori,JP,2020-09-04 18:38:31,35.5,134.23,74.35,87,95,1.34
429,Madang,PG,2020-09-04 18:38:31,-5.22,145.8,77.99,89,56,1.03
430,Rorvik,NO,2020-09-04 18:37:22,64.86,11.24,55.4,82,75,2.24
431,Port Augusta,AU,2020-09-04 18:38:32,-32.5,137.77,44.6,70,0,4.7
432,Sayyan,YE,2020-09-04 18:38:32,15.17,44.32,64.85,31,5,10.09
433,Narsaq,GL,2020-09-04 18:38:32,60.92,-46.05,46.4,93,75,4.7
434,Vestmannaeyjar,IS,2020-09-04 18:38:32,63.44,-20.27,50.0,46,0,20.8
435,Caravelas,BR,2020-09-04 18:38:33,-17.71,-39.25,78.48,61,0,7.4
436,Soldotna,US,2020-09-04 18:38:33,60.49,-151.06,51.01,93,90,2.37
437,Popovo,BG,2020-09-04 18:38:33,43.35,26.23,62.6,100,40,3.36
438,Corrientes,AR,2020-09-04 18:34:25,-27.48,-58.83,75.99,27,0,9.17
439,Port Hedland,AU,2020-09-04 18:38:33,-20.32,118.57,62.6,77,2,5.82
440,Peniche,PT,2020-09-04 18:38:34,39.36,-9.38,78.01,80,0,8.99
441,Pangkalanbuun,ID,2020-09-04 18:38:34,-2.68,111.62,74.95,96,100,0.76
442,Panguna,PG,2020-09-04 18:38:34,-6.32,155.48,66.74,98,21,2.77
443,Payakumbuh,ID,2020-09-04 18:38:34,-0.22,100.63,69.33,88,100,3.18
444,Lusambo,CD,2020-09-04 18:38:34,-4.97,23.45,77.54,38,1,1.32
445,Deputatskiy,RU,2020-09-04 18:38:35,69.3,139.9,39.56,97,100,3.67
446,Qingquan,CN,2020-09-04 18:38:35,30.45,115.26,69.06,90,0,1.23
447,Nioro,GM,2020-09-04 18:38:35,13.35,-15.75,78.51,89,100,8.39
448,Port Keats,AU,2020-09-04 18:38:35,-14.25,129.55,73.36,92,0,4.85
449,La Palma,US,2020-09-04 18:38:35,33.85,-118.05,86.0,54,1,5.68
450,Kastamonu,TR,2020-09-04 18:37:33,41.5,33.67,63.77,81,100,6.4
451,Iranshahr,IR,2020-09-04 18:38:36,27.2,60.68,91.4,9,87,6.93
452,Rurrenabaque,BO,2020-09-04 18:38:36,-14.44,-67.53,87.8,70,75,1.79
453,Alcacer Do Sal,PT,2020-09-04 18:38:36,38.37,-8.51,93.2,39,0,10.29
454,Jardim,BR,2020-09-04 18:38:36,-21.48,-56.14,94.69,23,1,5.53
455,Changchun,CN,2020-09-04 18:38:37,43.88,125.32,62.6,72,100,15.66
456,Kiyasovo,RU,2020-09-04 18:35:08,56.35,53.12,46.0,89,0,2.86
457,Leshan,CN,2020-09-04 18:35:03,29.56,103.76,74.77,83,75,1.34
458,Moron,AR,2020-09-04 18:36:33,-34.65,-58.62,64.0,59,40,8.05
459,Sterling,US,2020-09-04 18:36:51,39.01,-77.43,88.0,52,75,3.36
460,Palmer,US,2020-09-04 18:38:37,42.16,-72.33,82.99,26,20,14.99
461,Verkhovazhye,RU,2020-09-04 18:38:38,60.75,42.05,59.92,74,100,5.53
462,Hambantota,LK,2020-09-04 18:36:40,6.12,81.12,81.16,80,78,16.06
463,Yumen,CN,2020-09-04 18:38:38,40.28,97.2,63.32,36,66,7.81
464,Nhulunbuy,AU,2020-09-04 18:38:38,-12.23,136.77,69.8,88,40,8.03
465,Richards Bay,ZA,2020-09-04 18:38:38,-28.78,32.04,66.36,78,3,11.63
466,Port Hawkesbury,CA,2020-09-04 18:38:39,45.62,-61.35,81.0,65,20,9.17
467,Betera,ES,2020-09-04 18:38:39,39.58,-0.45,78.8,65,0,5.82
468,Yulara,AU,2020-09-04 18:38:39,-25.24,130.99,59.0,30,0,6.93
469,Valparaiso,CL,2020-09-04 18:33:56,-33.04,-71.63,55.4,87,90,6.93
470,Healdsburg,US,2020-09-04 18:37:40,38.61,-122.87,80.01,77,1,3.36
471,Lingao,CN,2020-09-04 18:38:39,19.91,109.69,80.06,85,52,4.59
472,Malinovoye Ozero,RU,2020-09-04 18:38:40,51.68,79.78,48.16,68,27,9.75
473,Rio Gallegos,AR,2020-09-04 18:38:40,-51.62,-69.22,41.0,93,75,4.7
474,Gusau,NG,2020-09-04 18:38:40,12.16,6.66,74.14,89,100,5.39
475,Mao,ES,2020-09-04 18:38:40,39.89,4.27,75.2,60,20,5.82
476,Champerico,GT,2020-09-04 18:38:40,14.3,-91.92,87.8,62,40,6.93
477,Singaraja,ID,2020-09-04 18:38:41,-8.11,115.09,78.1,71,10,6.11
478,Crowley,US,2020-09-04 18:35:05,30.21,-92.37,91.0,59,75,6.93
479,Coahuayana,MX,2020-09-04 18:38:41,18.73,-103.68,86.0,74,75,5.61
480,Najran,SA,2020-09-04 18:38:41,17.49,44.13,84.2,21,0,5.82
481,Praia Da Vitoria,PT,2020-09-04 18:38:41,38.73,-27.07,73.99,78,75,14.07
482,Kalmunai,LK,2020-09-04 18:38:42,7.42,81.82,81.77,80,97,1.48
483,Marsabit,KE,2020-09-04 18:38:42,2.33,37.99,70.93,53,39,18.88
484,Port Shepstone,ZA,2020-09-04 18:38:42,-30.74,30.45,66.92,84,72,24.45
485,Pochutla,MX,2020-09-04 18:38:42,15.74,-96.47,86.0,62,90,13.87
486,Namatanai,PG,2020-09-04 18:38:42,-3.67,152.43,79.59,81,100,8.01
487,Flinders,AU,2020-09-04 18:38:43,-34.58,150.86,57.0,75,0,1.01
488,Sarangani,PH,2020-09-04 18:38:43,5.4,125.46,83.89,73,64,6.35
489,Bandar-E Lengeh,IR,2020-09-04 18:38:43,26.56,54.88,91.4,52,0,6.93
490,Grahamstown,ZA,2020-09-04 18:38:43,-33.3,26.53,72.61,38,0,6.26
491,Stoicanesti,RO,2020-09-04 18:38:43,44.18,24.63,71.01,64,2,4.7
492,Evanston,US,2020-09-04 18:38:44,42.04,-87.69,77.0,27,20,17.22
493,Teluknaga,ID,2020-09-04 18:38:44,-6.1,106.64,82.99,83,40,3.36
494,Ahuimanu,US,2020-09-04 18:38:44,21.44,-157.84,80.6,65,40,9.17
495,Matay,EG,2020-09-04 18:38:44,28.42,30.78,93.51,29,0,14.23
496,Sangar,RU,2020-09-04 18:38:44,63.92,127.47,53.31,79,93,10.07
497,Pipri,IN,2020-09-04 18:38:45,19.8,75.53,78.8,88,40,4.38
498,Karratha,AU,2020-09-04 18:38:45,-20.74,116.85,70.07,29,5,5.7
499,Tucurui,BR,2020-09-04 18:38:45,-3.77,-49.67,89.65,42,93,5.77
500,Wanning,CN,2020-09-04 18:38:46,18.8,110.4,80.56,85,100,5.19
501,Yele,CM,2020-09-04 18:38:46,10.73,13.59,71.6,88,36,2.42
502,Temir,KZ,2020-09-04 18:38:46,49.14,57.13,59.22,34,0,7.67
503,Serebryanyy Bor,RU,2020-09-04 18:38:46,56.8,124.8,51.15,95,100,1.01
504,Uruzgan,AF,2020-09-04 18:38:46,32.83,66.0,60.01,26,0,0.76
505,Buchanan,LR,2020-09-04 18:38:47,5.88,-10.05,80.6,83,75,11.41
506,Urucui,BR,2020-09-04 18:38:47,-7.23,-44.56,98.83,18,0,6.78
507,Xinyu,CN,2020-09-04 18:38:47,27.8,114.93,66.9,96,60,0.27
508,Ilulissat,GL,2020-09-04 18:38:47,69.22,-51.1,42.8,70,75,9.17
509,Sabla,NG,2020-09-04 18:38:47,12.75,4.71,82.22,69,20,12.62
510,Huarmey,PE,2020-09-04 18:38:48,-10.07,-78.15,67.3,63,2,12.73
511,San Juan,AR,2020-09-04 18:38:48,-31.54,-68.54,65.71,27,0,6.06
512,Whitianga,NZ,2020-09-04 18:38:48,-36.83,175.7,52.0,78,15,3.0
513,Manjakandriana,MG,2020-09-04 18:38:49,-18.92,47.8,55.4,66,20,8.05
514,Oriximina,BR,2020-09-04 18:38:49,-1.77,-55.87,96.46,33,84,6.93
515,Viedma,AR,2020-09-04 18:38:49,-40.81,-63.0,57.0,41,49,8.01
516,Necochea,AR,2020-09-04 18:38:49,-38.55,-58.74,54.0,70,76,8.99
517,Daru,PG,2020-09-04 18:38:49,-9.08,143.21,76.62,83,100,17.2
518,Visegrad,BA,2020-09-04 18:38:50,43.78,19.3,55.4,76,0,1.12
519,Caibarien,CU,2020-09-04 18:37:24,22.52,-79.47,89.6,59,75,18.34
520,Zhezkazgan,KZ,2020-09-04 18:38:50,47.8,67.71,52.63,45,0,9.62
521,Comodoro Rivadavia,AR,2020-09-04 18:35:46,-45.87,-67.5,50.0,61,40,9.17
522,Zhanakorgan,KZ,2020-09-04 18:38:50,43.91,67.25,67.44,24,0,17.45
523,Cradock,ZA,2020-09-04 18:38:50,-32.16,25.62,75.15,26,76,6.58
524,Gorontalo,ID,2020-09-04 18:38:51,0.54,123.06,74.57,87,7,3.04
525,Belle Fourche,US,2020-09-04 18:38:51,44.67,-103.85,78.01,29,1,10.36
526,Bilma,NE,2020-09-04 18:38:51,18.69,12.92,98.31,24,0,5.08
527,Bairiki,KI,2020-09-04 18:38:51,1.33,172.98,82.4,74,40,6.93
528,Sassandra,CI,2020-09-04 18:38:51,4.95,-6.08,74.89,90,73,8.59
529,Barcelos,PT,2020-09-04 18:35:52,41.54,-8.62,80.01,82,20,10.29
530,Lata,PT,2020-09-04 18:38:52,40.16,-8.33,82.99,70,0,3.0
531,Cockburn Town,TC,2020-09-04 18:36:49,21.46,-71.14,86.0,66,40,12.75
532,Burgersdorp,ZA,2020-09-04 18:38:52,-31.0,26.33,64.15,33,0,4.61
533,Marysville,US,2020-09-04 18:38:52,48.05,-122.18,75.99,53,1,3.36
534,Umm Lajj,SA,2020-09-04 18:38:52,25.02,37.27,93.78,42,92,8.23
535,Meulaboh,ID,2020-09-04 18:34:26,4.14,96.13,78.39,86,100,3.62
536,Lakes Entrance,AU,2020-09-04 18:38:53,-37.88,147.98,48.99,74,99,9.64
537,Manhattan,US,2020-09-04 18:35:32,40.78,-73.97,88.0,45,20,13.87
538,Sao Joao Da Barra,BR,2020-09-04 18:38:53,-21.64,-41.05,86.0,35,0,16.11
539,Solnechnyy,RU,2020-09-04 18:38:53,50.72,136.63,60.37,88,4,2.98
540,Xining,CN,2020-09-04 18:38:54,36.62,101.77,57.18,57,100,5.37
541,Damaturu,NG,2020-09-04 18:38:54,11.75,11.96,80.55,64,15,4.38
542,At-Bashi,KG,2020-09-04 18:38:54,41.17,75.81,49.01,50,0,0.11
543,Khatassy,RU,2020-09-04 18:38:55,61.9,129.64,46.4,93,0,2.24
544,Zlobin,HR,2020-09-04 18:38:55,45.29,14.65,71.6,60,0,3.36
545,Tehri,IN,2020-09-04 18:38:56,30.38,78.48,75.22,78,59,1.45
546,Sinnamary,GF,2020-09-04 18:38:56,5.38,-52.95,85.35,66,0,11.43
547,Colesville,US,2020-09-04 18:38:56,39.08,-77.0,89.01,48,1,5.82
548,Buckeye,US,2020-09-04 18:35:08,33.37,-112.58,106.0,20,1,12.75
549,Sandnessjoen,NO,2020-09-04 18:38:57,66.02,12.63,55.4,76,40,8.05
550,Garachine,PA,2020-09-04 18:38:57,8.06,-78.36,82.18,78,78,11.01
551,Lavrentiya,RU,2020-09-04 18:38:57,65.58,-171.0,40.32,80,100,4.16
552,La Libertad,EC,2020-09-04 18:38:58,-2.23,-80.9,73.4,78,90,9.17
553,Berlevag,NO,2020-09-04 18:38:58,70.86,29.09,57.2,87,75,14.99
554,Bayangol,RU,2020-09-04 18:38:58,50.7,103.47,50.05,89,100,0.43
555,Kauhajoki,FI,2020-09-04 18:38:58,62.43,22.18,59.0,87,75,5.82
556,Penarroya-Pueblonuevo,ES,2020-09-04 18:38:58,38.3,-5.27,93.2,21,0,3.36
557,Guaruja,BR,2020-09-04 18:38:59,-23.99,-46.26,72.0,88,90,5.82
558,Johnstown,US,2020-09-04 18:38:59,40.33,-78.92,73.0,53,1,14.99
559,Pangai,TO,2020-09-04 18:39:00,-19.8,-174.35,70.25,67,0,18.16
560,Bol,TD,2020-09-04 18:35:11,13.46,14.71,82.22,76,0,1.92
